{
	"serverPort": 1730,
	"userDefined": {
		"downloadLocation": "",
		"trackNameTemplate": "%artist% - %title%",
		"albumTrackNameTemplate": "%number% - %title%",
		"playlistTrackNameTemplate": "%position% - %artist% - %title%",
		"createPlaylistFolder": true,
		"playlistNameTemplate": "%name%",
		"createArtistFolder": false,
		"artistNameTemplate": "%name%",
		"createAlbumFolder": true,
		"albumNameTemplate": "%artist% - %album%",
		"createCDFolder": true,
		"createStructurePlaylist": false,
		"createSingleFolder": false,
		"saveFullArtists": false,
		"padtrck": true,
		"paddingSize": "0",
		"queueConcurrency": 3,
		"maxBitrate": "3",
		"fallbackBitrate": true,
		"fallbackSearch": true,
		"downloadSinglesAsTracks": true,
		"logErrors": false,
		"logSearched": false,
		"createM3UFile": false,
		"changePlaylistName": false,
		"syncedlyrics": false,
		"minimizeToTray": false,
		"embeddedArtworkSize": 800,
		"localArtworkSize": 1000,
		"saveArtwork": false,
		"coverImageTemplate": "cover",
		"saveArtworkArtist": false,
		"artistImageTemplate": "folder",
		"PNGcovers": false,
		"multitagSeparator": "; ",
		"dateFormat": "0",
		"dateFormatYear": "4",
		"savePlaylistAsCompilation": false,
		"removeAlbumVersion": false,
		"saveID3v1": true,
		"titleCasing": "nothing",
		"artistCasing": "nothing",
		"tags": {
			"title": true,
			"artist": true,
			"album": true,
			"cover": true,
			"trackNumber": true,
			"trackTotal": false,
			"discNumber": true,
			"discTotal": false,
			"albumArtist": true,
			"genre": true,
			"year": true,
			"date": true,
			"explicit": false,
			"isrc": true,
			"length": false,
			"barcode": false,
			"bpm": true,
			"replayGain": false,
			"publisher": true,
			"unsynchronisedLyrics": false,
			"copyright": false,
			"musicpublisher": false,
			"composer": false,
			"mixer": false,
			"author": false,
			"writer": false,
			"engineer": false,
			"producer": false
		}
	}
}
